"name","prc","old","bdg 2","stars"
"Amtec AM-017-2.1 Speaker System 3000WATTS PMPO-BLACK (1YR WRTY)","KSh 2,697","KSh 3,236","17%","3.8 out of 5"
"Amtec AM-03 2.1ch HI-FI Multimedia Speaker System  (1YR WRTY)","KSh 5,281","KSh 6,607","20%","3.8 out of 5"
"WK 07 2.1CH HOME THEATER SPEAKER SYSTEM - 3000W (1YR WRTY)","KSh 3,034","KSh 3,641","17%","3.8 out of 5"
"Amtec AM-109 Woofer System, Bluetooth,USB Orange/Purple (1YR WRTY)","KSh 2,921","KSh 3,505","17%","3.9 out of 5"
"Vitron V635 3.1CH Multimedia Speaker System - Black (1YR WRTY)","KSh 5,169","KSh 6,203","17%","4.1 out of 5"
"Vitron V641 3.1Ch Bluetooth Speaker System, 12V (1YR WRTY)","KSh 6,300","","","4.1 out of 5"
"Amtec AM-008 2.1CH HOME THEATRE SYSTEM USB/SD/FM 5000W-Amtec Blue/Red (1YR WRTY)","KSh 3,933","KSh 4,720","17%","4.3 out of 5"
"Vision Plus VP2120SB - Sound Pro Wireless - 160W RMS - Black (2YRs WRTY)","KSh 16,630","KSh 20,995","21%","4.2 out of 5"
"Royal R902 2.1CH Speaker System 65W - Black","KSh 7,865","KSh 9,438","17%","4.3 out of 5"
"Vitron V837 3.1 Inch Bluetooth Speaker System (1YR WRTY)","KSh 7,753","KSh 9,304","17%","4.1 out of 5"
"Amtec AM-508 2.1ch Bluetooth HIFI Speaker 8000W,Remote Control Purple/Orange (1YR WRTY)","KSh 3,933","KSh 4,720","17%","3.8 out of 5"
"Vision Plus SoundFinite 5.1Ch Sound Bar + Dolby Audio 210W RMS - Black (2YRs WRTY)","KSh 21,910","KSh 28,000","22%","3.5 out of 5"
"Amtec AM-04 2.1ch Soundbar With A Powerful Subwoofer 100W (1YR WRTY)","KSh 8,320","KSh 11,000","24%",""
"Vitron V527 - 2.1 CH Multimedia Speaker, BT/USB/SD/FM - 9000W (1YR WRTY)","KSh 6,607","","","4 out of 5"
"Lyons LYS3602 3.1CH Multimedia Speaker System Home Theatrer SubWoofer With BT(1YR WRTY)","KSh 4,599","KSh 6,199","26%","3.9 out of 5"
"Lyons LYS3601 3.1CH Multimedia Speaker System Home Theatrer SubWoofer With BT(1YR WRTY)","KSh 3,999","KSh 5,999","33%","4.3 out of 5"
"Vitron V400 2.1Ch Bluetooth Speaker System","KSh 2,809","KSh 3,371","17%","3.9 out of 5"
"WK 02 CH Multimedia Speaker 10000watts (1YR WRTY)","KSh 5,505","KSh 6,607","17%","3.9 out of 5"
"Globalstar GS-301 3.1 Home Theater System Subwoofer Bluetooth Speaker  AC/DC 12V","KSh 3,999","KSh 5,999","33%","4.5 out of 5"
"Nobel 5.1 CH Top Bass-Home Theatre System/USB/Radio -22000W","KSh 12,999","KSh 27,000","52%","4.1 out of 5"
"Globalstar GS-608 3.1 Home Theaters Subwoofer Bluetooth Speaker System, 12V","KSh 3,999","KSh 5,999","33%","3.6 out of 5"
"VON VSW0202BEK Subwoofer 20W - Bluetooth  2.1CH","KSh 4,895","","","3.4 out of 5"
"Hisense 2.1CH SOUNDBAR WITH WIRELESS SUBWOOFER (2YRs WRTY)","KSh 13,999","KSh 23,000","39%","4.4 out of 5"
"Amtec AM-315 3.1 Bluetooth Sub-woofer 10000Watts (1YR WRTY)","KSh 4,719","KSh 5,663","17%","4.1 out of 5"
"Vitron V642 3.1Ch Bluetooth Speaker System, 12V","KSh 5,528","","","4.1 out of 5"
"Hisense Hisense HS5100 Soundbar 5.1 Channel Soundbar (2YRs WRTY)","KSh 23,770","KSh 35,999","34%","4.3 out of 5"
"Amtec AM-107 Subwoofer AmtecSystem 2.1CH 8000wts BT/FM (1YR WRTY)","KSh 2,898","KSh 4,000","28%","4 out of 5"
"AILYONS ELP3603K 3.1CH Subwoofer Home Theatre Multi Media Bluetooth Speaker System,  (1YR WRTY)","KSh 5,199","KSh 7,199","28%","3.7 out of 5"
"Vitron 5000W Sub Woofer Sound System.","KSh 3,547","KSh 5,000","29%","4 out of 5"
"Vitron Soundbar System 6000W PMPO","KSh 5,545","KSh 7,500","26%","4.3 out of 5"
"Vitron  3.1CH 10000watts Bluetooth Sub-Woofer System,Ac/dc Fm/bt/usb","KSh 4,996","KSh 8,000","38%","3.8 out of 5"
"Amtec  2.1 CH MULTIMEDIA SPEAKER SYSTEM-BT/FM/USB-20000W","KSh 6,374","KSh 7,500","15%","4.4 out of 5"
"Vitron BASS Sub Woofer System-FM-USB,Bluetooth-9000watts","KSh 6,387","KSh 6,677","4%","4.1 out of 5"
"Lyons LYS2403 2.1CH Multimedia Speaker System Home Theatrer SubWoofer with BT(1YR WRTY)","KSh 2,629","KSh 3,799","31%",""
"WK wireless connectivity sound bar","KSh 6,488","KSh 8,999","28%","3.8 out of 5"
"Vitron V527 Tallboy Sub Woofer Home Theatre 2.1 Ch","KSh 6,250","KSh 6,774","8%","4.2 out of 5"
"AILYONS ELP3602K 3.1CH Subwoofer Home Theatre Multi Media Bluetooth Speaker System + FREE BLUETOOTH EARPHONE,  (1YR WRTY)","KSh 5,549","KSh 7,099","22%","4.5 out of 5"
"Vitron V646 3.1CH HOME THEATRE SOUND SYSTEM 10000W","KSh 5,099","KSh 9,999","49%","4.1 out of 5"
"AILYONS ELP2411K 2.1CH Subwoofer Home Theatre Multimedia Bluetooth Speaker System,  (1YR WRTY)","KSh 3,249","KSh 4,399","26%","3.9 out of 5"
"Nobel 5.1CH HI-FI SUBWOOFER 220000W FM/BT/SD/USB","KSh 13,974","KSh 19,000","26%","4.7 out of 5"
"Amtec Multimedia Speaker BT/USB/SD/FM - 12000W (1YR WRTY)","KSh 5,500","KSh 6,500","",""
"Lyons LYS2403 2.1CH Multimedia Speaker System Home Theatrer SubWoofer with BT(1YR WRTY)","KSh 2,629","KSh 3,799","Official Store",""
"Amtec AM -011 Sub Woofer Bluetooth,FM,USB-","KSh 5,000","KSh 6,000","",""
"Lyons LYS2404 2.1CH Multimedia Speaker System Home Theatrer SubWoofer with BT(1YR WRTY)","KSh 2,799","KSh 3,799","Official Store",""